,tipo,categorias_o_valores_unicos,faltantes,faltantes_pct
Id,int64,1460,0,0.0
MSSubClass,int64,15,0,0.0
MSZoning,str,5,0,0.0
LotFrontage,float64,110,259,17.73972602739726
LotArea,int64,1073,0,0.0
Street,str,2,0,0.0
Alley,str,2,1369,93.76712328767123
LotShape,str,4,0,0.0
LandContour,str,4,0,0.0
Utilities,str,2,0,0.0
LotConfig,str,5,0,0.0
LandSlope,str,3,0,0.0
Neighborhood,str,25,0,0.0
Condition1,str,9,0,0.0
Condition2,str,8,0,0.0
BldgType,str,5,0,0.0
HouseStyle,str,8,0,0.0
OverallQual,int64,10,0,0.0
OverallCond,int64,9,0,0.0
YearBuilt,int64,112,0,0.0
YearRemodAdd,int64,61,0,0.0
RoofStyle,str,6,0,0.0
RoofMatl,str,8,0,0.0
Exterior1st,str,15,0,0.0
Exterior2nd,str,16,0,0.0
MasVnrType,str,3,872,59.726027397260275
MasVnrArea,float64,327,8,0.547945205479452
ExterQual,str,4,0,0.0
ExterCond,str,5,0,0.0
Foundation,str,6,0,0.0
BsmtQual,str,4,37,2.5342465753424657
BsmtCond,str,4,37,2.5342465753424657
BsmtExposure,str,4,38,2.6027397260273974
BsmtFinType1,str,6,37,2.5342465753424657
BsmtFinSF1,int64,637,0,0.0
BsmtFinType2,str,6,38,2.6027397260273974
BsmtFinSF2,int64,144,0,0.0
BsmtUnfSF,int64,780,0,0.0
TotalBsmtSF,int64,721,0,0.0
Heating,str,6,0,0.0
HeatingQC,str,5,0,0.0
CentralAir,str,2,0,0.0
Electrical,str,5,1,0.0684931506849315
1stFlrSF,int64,753,0,0.0
2ndFlrSF,int64,417,0,0.0
LowQualFinSF,int64,24,0,0.0
GrLivArea,int64,861,0,0.0
BsmtFullBath,int64,4,0,0.0
BsmtHalfBath,int64,3,0,0.0
FullBath,int64,4,0,0.0
HalfBath,int64,3,0,0.0
BedroomAbvGr,int64,8,0,0.0
KitchenAbvGr,int64,4,0,0.0
KitchenQual,str,4,0,0.0
TotRmsAbvGrd,int64,12,0,0.0
Functional,str,7,0,0.0
Fireplaces,int64,4,0,0.0
FireplaceQu,str,5,690,47.26027397260274
GarageType,str,6,81,5.5479452054794525
GarageYrBlt,float64,97,81,5.5479452054794525
GarageFinish,str,3,81,5.5479452054794525
GarageCars,int64,5,0,0.0
GarageArea,int64,441,0,0.0
GarageQual,str,5,81,5.5479452054794525
GarageCond,str,5,81,5.5479452054794525
PavedDrive,str,3,0,0.0
WoodDeckSF,int64,274,0,0.0
OpenPorchSF,int64,202,0,0.0
EnclosedPorch,int64,120,0,0.0
3SsnPorch,int64,20,0,0.0
ScreenPorch,int64,76,0,0.0
PoolArea,int64,8,0,0.0
PoolQC,str,3,1453,99.52054794520548
Fence,str,4,1179,80.75342465753424
MiscFeature,str,4,1406,96.30136986301369
MiscVal,int64,21,0,0.0
MoSold,int64,12,0,0.0
YrSold,int64,5,0,0.0
SaleType,str,9,0,0.0
SaleCondition,str,6,0,0.0
SalePrice,int64,663,0,0.0
