variable,intervalo,registros,porcentaje
HouseAgeBin,0-10,434,29.726027397260275
HouseAgeBin,11-25,158,10.821917808219178
HouseAgeBin,26-50,429,29.383561643835616
HouseAgeBin,51-75,238,16.301369863013697
HouseAgeBin,>75,201,13.767123287671232
SalePriceBin,Q3,366,25.068493150684933
SalePriceBin,Q4,362,24.794520547945208
SalePriceBin,Q2,367,25.136986301369863
SalePriceBin,Q1,365,25.0
OverallQualBin,Q3,319,21.84931506849315
OverallQualBin,Q2,374,25.616438356164384
OverallQualBin,Q4,229,15.684931506849315
OverallQualBin,Q1,538,36.84931506849315
