,n,media,mediana,moda,minimo,Q1,Q3,maximo
MSSubClass,1460,56.897260273972606,50.0,20.0,20.0,20.0,70.0,190.0
LotFrontage,1201,70.04995836802665,69.0,60.0,21.0,59.0,80.0,313.0
LotArea,1460,10516.828082191782,9478.5,7200.0,1300.0,7553.5,11601.5,215245.0
OverallQual,1460,6.0993150684931505,6.0,5.0,1.0,5.0,7.0,10.0
OverallCond,1460,5.575342465753424,5.0,5.0,1.0,5.0,6.0,9.0
YearBuilt,1460,1971.267808219178,1973.0,2006.0,1872.0,1954.0,2000.0,2010.0
YearRemodAdd,1460,1984.8657534246574,1994.0,1950.0,1950.0,1967.0,2004.0,2010.0
MasVnrArea,1452,103.68526170798899,0.0,0.0,0.0,0.0,166.0,1600.0
BsmtFinSF1,1460,443.6397260273973,383.5,0.0,0.0,0.0,712.25,5644.0
BsmtFinSF2,1460,46.54931506849315,0.0,0.0,0.0,0.0,0.0,1474.0
BsmtUnfSF,1460,567.2404109589041,477.5,0.0,0.0,223.0,808.0,2336.0
TotalBsmtSF,1460,1057.4294520547944,991.5,0.0,0.0,795.75,1298.25,6110.0
1stFlrSF,1460,1162.626712328767,1087.0,864.0,334.0,882.0,1391.25,4692.0
2ndFlrSF,1460,346.99246575342465,0.0,0.0,0.0,0.0,728.0,2065.0
LowQualFinSF,1460,5.844520547945206,0.0,0.0,0.0,0.0,0.0,572.0
GrLivArea,1460,1515.463698630137,1464.0,864.0,334.0,1129.5,1776.75,5642.0
BsmtFullBath,1460,0.42534246575342466,0.0,0.0,0.0,0.0,1.0,3.0
BsmtHalfBath,1460,0.057534246575342465,0.0,0.0,0.0,0.0,0.0,2.0
FullBath,1460,1.5650684931506849,2.0,2.0,0.0,1.0,2.0,3.0
HalfBath,1460,0.38287671232876713,0.0,0.0,0.0,0.0,1.0,2.0
BedroomAbvGr,1460,2.8664383561643834,3.0,3.0,0.0,2.0,3.0,8.0
KitchenAbvGr,1460,1.0465753424657533,1.0,1.0,0.0,1.0,1.0,3.0
TotRmsAbvGrd,1460,6.517808219178082,6.0,6.0,2.0,5.0,7.0,14.0
Fireplaces,1460,0.613013698630137,1.0,0.0,0.0,0.0,1.0,3.0
GarageYrBlt,1379,1978.5061638868744,1980.0,2005.0,1900.0,1961.0,2002.0,2010.0
GarageCars,1460,1.7671232876712328,2.0,2.0,0.0,1.0,2.0,4.0
GarageArea,1460,472.9801369863014,480.0,0.0,0.0,334.5,576.0,1418.0
WoodDeckSF,1460,94.2445205479452,0.0,0.0,0.0,0.0,168.0,857.0
OpenPorchSF,1460,46.66027397260274,25.0,0.0,0.0,0.0,68.0,547.0
EnclosedPorch,1460,21.954109589041096,0.0,0.0,0.0,0.0,0.0,552.0
3SsnPorch,1460,3.4095890410958902,0.0,0.0,0.0,0.0,0.0,508.0
ScreenPorch,1460,15.060958904109588,0.0,0.0,0.0,0.0,0.0,480.0
PoolArea,1460,2.758904109589041,0.0,0.0,0.0,0.0,0.0,738.0
MiscVal,1460,43.489041095890414,0.0,0.0,0.0,0.0,0.0,15500.0
MoSold,1460,6.321917808219178,6.0,6.0,1.0,5.0,8.0,12.0
YrSold,1460,2007.8157534246575,2008.0,2009.0,2006.0,2007.0,2009.0,2010.0
SalePrice,1460,180921.19589041095,163000.0,140000.0,34900.0,129975.0,214000.0,755000.0
