variable,tipo,metodo,faltantes_antes,faltantes_despues
LotFrontage,numérica,mediana,259,0
Alley,categórica,Sin_dato,1369,0
MasVnrType,categórica,Sin_dato,872,0
MasVnrArea,numérica,mediana,8,0
BsmtQual,categórica,Sin_dato,37,0
BsmtCond,categórica,Sin_dato,37,0
BsmtExposure,categórica,Sin_dato,38,0
BsmtFinType1,categórica,Sin_dato,37,0
BsmtFinType2,categórica,Sin_dato,38,0
Electrical,categórica,Sin_dato,1,0
FireplaceQu,categórica,Sin_dato,690,0
GarageType,categórica,Sin_dato,81,0
GarageYrBlt,numérica,mediana,81,0
GarageFinish,categórica,Sin_dato,81,0
GarageQual,categórica,Sin_dato,81,0
GarageCond,categórica,Sin_dato,81,0
PoolQC,categórica,Sin_dato,1453,0
Fence,categórica,Sin_dato,1179,0
MiscFeature,categórica,Sin_dato,1406,0
